url,title,type,status,year,origin,added,views,tags,about,origin_text,precursors,spread,search_interest,notable_examples,header_image
https://knowyourmeme.com/memes/%CD%A1-%CD%9C%CA%96-%CD%A1-lenny-face,( Õ°¬∞ Õú ñ Õ°¬∞) / Lenny Face | Know Your Meme,,,,"One of the earliest appearances of the emoticon was posted to the Finnish image board Ylilauta [21] at 8:45 a.m. EST on November 18th, 2012. Posted on the site's International board, ""( Õ°¬∞ Õú ñ Õ°¬∞)"" was used as a comment in a thread about whether or not administrators should change the settings on their spam detector. After someone complained about seeing too many posts in stickied threads, an anonymous user used the emoticon and the phrase ""this thread is leaking from the heavens."" Other users began derailing the thread by posting derivatives of the emoticon with different types of eyes, which continued for three days.",,,"4chan, ( Õ°¬∞ Õú ñ Õ°¬∞), entry of november 2012, weird memes of 2012, face, spam, emoticon, shitposting, mlg, dogcatcher1979, 8-bit_d-boy, cubegoat, franklenlobo, deg deg, cynical-seadragon, takeflightlittlebird","( Õ°¬∞ Õú ñ Õ°¬∞) is an emoticon created with unicode character symbols. The face is often used to spam forums and image boards , similar to the Japanese word ""desu"" . On 4chan , it has also come to be known as ""Le Lenny Face"" or ""Le Face Face.""",,,"By 11 a.m. (ET) that same day, the face had been posted to 4chan's /v/ [8] (video games) board, followed by similar posts on /sp/ [7] (sports) and /b/ [9] , where numerous users were eventually banned (shown below, right) for spamming the boards with the emoticon. A screenshot of these bans was also shared on FunnyJunk [6] , where it earned 3900 points and gained more than 101,000 views.   Redditor Dogcatcher1979 submitted a post titled ""So I guess this is a thing now?"" to the /r/4chan [2] subreddit at approximately 3 p.m. EST, which included a screenshot of the face being used in a 4chan thread (shown below, right). In the post, Redditor 8-bit_d-boy commented that the face resembled the children's television show character Bob the Builder . By 4 p.m. EST, 4chan users had raided the /r/Israel [4] subreddit (shown below, left), with some users referring to the emoticon as ""le Palestine face.""   Also on November 18th, World of Warcraft Forums [5] member Kuallius submitted a post titled ""The Sha of Casuals ( Õ°¬∞ Õú ñ Õ°¬∞)"" and YouTuber cubegoat uploaded a video titled ""( Õ°¬∞ Õú ñ Õ°¬∞)"" (shown below, left). On the following day, cubegoat uploaded another video titled ""Fresh (Ôªø Õ°¬∞ Õú ñ Õ°¬∞) of /b/el Air,"" featuring various animated versions of the emoticon accompanied by the theme song for the 1990's sitcom The Fresh Prince of Bel-Air (shown below, right). As of November 29th, there are more than 1450 search results for ""(Ôªø Õ°¬∞ Õú ñ Õ°¬∞)"" on YouTube. [20]   Over the next several days, various threads with the emoticon popped up on HUPIT Gaming [12] , Tech N9ne [13] , gun enthusiast forum AR15 [14] , the IGN Forums [15] and the Facepunch forums [16] , among others. Additional mentions were found on Tumblr [11] [17] , Twitter [18] and Yahoo ! Answers . [19] As of November 29th, 2012, there are more than 150 Facebook pages containing ‚Äú( Õ°¬∞ Õú ñ Õ°¬∞)‚Äù in the title on Facebook. [1] The largest of these fan pages was created on November 18th and has 4120 likes. [10]",,,https://i.kym-cdn.com/entries/icons/original/000/011/764/LennyFace.jpg
https://knowyourmeme.com/memes/%D0%B4%D1%80%D1%83%D0%B3-apyr,–¥—Ä—É–≥ / Apyr | Know Your Meme,,,,"On August 25th, 2015, Imgur [4] user hieronymus7z uploaded a gallery titled ""Fallout photo manipulations,"" which featured a picture of a Deathclaw creature from the Fallout video game series (shown below).   On March 9th, 2017, Twitter user @videodante [8] posted an image macro featuring four different stereotypes associated with men from the American South (shown below, left). Within one year, the tweet gained over 2,400 likes and 1,400 retweets. On April 1st, Redditor The_Fool-On-The_Hill reposted the image to /r/4PanelCringe , [3] where it received more than 520 points (100% upvoted) and 40 comments prior to being archived. On April 2nd, 2018, Twitter user @korolevcross tweeted the image labeling the Deathclaw as ""–¥—Ä—É–≥"" in the bottom left panel (shown below, right). Within two weeks days, the tweet gained over 1,800 likes and 920 retweets. [10]",,,"pewdiepie, youtube, remix, droog, truck freak, pyr, apyr, fallout, drook, –¥pyr, –¥—Ä—Ér, aypr, hieronymus7z, deathclaw, yaboirextillerson, snowcial, keittaru","–¥—Ä—É–≥ , sometimes written as –îpy–≥ or Apyr , pronounced ""droog"", is the nickname of a cryptid featured in a cursed image of a Deathclaw from the Fallout video game series. The creature is named after the Russian word for ""friend,"" pronounced ""droog"" or ""drook.""",,,"On April 2nd, 2018, YouTuber PewDiePie tweeted the image labeling the Deathclaw as ""–¥—Ä—É–≥"" in the bottom left panel (shown below, right). Within 14 days, the tweet gained over 36,000 likes and 3,700 retweets. [1] On April 4th, Redditor YaBoiRexTillerson reposted the image to /r/cursedimages, [2] where it gathered upwards of 1,200 points (99% upvoted) and 50 comments within two weeks. On April 7th, YouTuber Snowcial posted a video remix based on the image (shown below).   On April 15th, a picture of the creature was submitted in /r/dankmemes [6] in a post titled ""If naked women can make it to r/all why can't our boy –î–†–£–ì ??"" On April 16th, Instagram user kill.yuorself posted a fake Tinder profile for Apyr (shown below, left). That day, Twitter user @Keittaru [9] posted a series of tweets professing a desire to breed with the creature (shown below, right).   On April 22nd, Ebaum'sworld [11] published an article about the character titled ""Apyr Is A Creepy New Gaming Meme That'll Leave You In Stitches.""",,,https://i.kym-cdn.com/entries/icons/original/000/025/936/apyrrr.jpg
https://knowyourmeme.com/memes/%D0%BD%D0%B5%D1%82-no-poster,"""–ù–µ—Ç!"" / ""No!"" Poster | Know Your Meme",,,,"In 1954, Russian artist Viktor Ivanovich Govorkov created the propaganda poster as part of an anti-alcohol campaign launched following the death of Soviet Union dictator Joseph Stalin (shown below, left). It is unclear when the poster became the subject of a photoshop meme. On January 22nd, 2009, the earliest known examples were featured in a post on the Russian Internet news blog Net Lore [5] (shown below, middle, right).",,,"nyet, poster, ussr, russia","–ù–µ—Ç! , also known as the No! Poster, is a Soviet Russian anti-alcohol propaganda poster featuring an illustration of a man refusing a drink by making a dismissive gesture towards a hand offering a shot glass, which has been widely photoshopped into humorous messages on the Russian web and elsewhere online.",,,"On September 25th, 2009, a page about the poster was created on the Internet culture wiki Lurkmore. [4] On November 16th, 2011, Blogspot [1] user riowang published a compilation of photoshopped variations of the poster. On May 6th, 2015, Redditor Ididpotato submitted a photoshopped version of the poster in which the man is shown refusing a container of french fries to the /r/Europe [6] subreddit (shown below). Within two months, the post gained over 860 votes (94% upvoted) and 190 comments.",,,https://i.kym-cdn.com/entries/icons/original/000/018/587/tumblr_m99c8pVhtA1reb1c2o1_400.jpg
https://knowyourmeme.com/memes/%E0%B2%A0_%E0%B2%A0-look-of-disapproval,‡≤†_‡≤† Look of Disapproval | Know Your Meme,,,,"The unicode character ""‡≤†"" comes from the letter ""·π≠ha"" in Kannada, one of the major Dravidian languages of India that is influenced by Sanskrit. Despite its origin, the character has been used as an emoticon primarily outside of India. According to Lurkmore Wiki, the earliest use of ‡≤†_‡≤† began on the Japanese imageboard site 2channel and eventually spread across other languages, most notably on 4chan .",,,"emoticon, disappointment, facepalm, tom delay, look of disapproval, reddit, disapproval, comments, reaction image, kannada","‡≤†_‡≤† , otherwise known as the ""look of disapproval,"" is a character sequence commonly used as a reaction emoticon to express one's disapproval or disbelief.",,,"The earliest known mention of ""‡≤†__‡≤†"" on 4chan can be found in an /b/ thread titled "" epic fail guy gravity"" archived on May 31st, 2007. Usage of the emoticon to continuously grew on 4chan throughout the year. In October 2007, a question was posted on Yahoo Answers [11] about the sequence instruction for using ""‡≤†__‡≤†."" The first Urban Dictionary entry [1] was created on July 13th, 2008, which describes the emoticon as ""a silly little face."" It wasn't until April 2009 when the emoticon became associated with a ""look of disapproval."" On Reddit , the novelty account ""look_of_disapproval"" [5] uses the ""‡≤†_‡≤†"" emoticon at strategic times and typically receives a fair amount of comment karma. On Facebook , the official Facebook page for ""‡≤†__‡≤†"" [8] has over 13,188 likes as of September 2011. The Wikitionary [10] entry for ""‡≤†__‡≤†"" was first submitted on July 25th, 2009, which describes the emoticon as being ""created on the same principle as o_O, but using a Unicode character which more closely resembles an eye with an eyebrow."" Usage The emoticon is most commonly used to express disapproval or disappointment, in similar vein to other expressions and reaction faces like ""are you kidding me?"" among others. Speaker 1: I have just purchased a Yoko Ono CD Speaker 2: ‡≤†_‡≤†  In OS X, the emoticon can be summoned using the shortcut of Option + 0CA0 and in Windows XP, the shortcut of ALT + 3232 is used. Variations There are several variations of the original ""‡≤†__‡≤†"" emoticon, such as: ‡≤†~‡≤† ‡≤†o‡≤† ‡≤†x‡≤† ‡≤†.‡≤† ‡≤•_‡≤• ‡≤†Áõä‡≤† Derivative: Tom Delay   The photo used for the Tom Delay photoshopped version comes from a Reuters photo from 2005 [2] taken after being indicted and forced to step down as the House Republican leader. The earliest known posting of the photoshopped version is from November 12th, 2006 in a LastFM 4chan forum thread [3] .","Google searches started around mid-2006, and the earliest instance found so far is on Christian Anime Alliance website [4] .",,https://i.kym-cdn.com/entries/icons/original/000/000/428/1.jpg
https://knowyourmeme.com/memes/05x-a-presses-but-first-we-need-to-talk-about-parallel-universes,0.5x A Presses / But First We Need to Talk About Parallel Universes | Know Your Meme,,,,"On January 12th, 2016, the original gameplay was uploaded, featuring pannenkoek2012 using a Tool Assisted Software to obtain the star ""Watch for Rolling Rocks"" from the level Hazy Maze Cave using ""half"" of a press of the A button (by keeping it pressed from before Mario enters the level). The video gained over 13,000 views in the following week (shown below, left). The same day, a narrated version was released, explaining in detail the exploits used in the run. The most notable of these exploits was the use of ""parallel universes"", faraway places where the game thinks Mario is standing in the level when he isn't, which can be accessed with enough momentum. The narrated version gained over 200,000 views in the following week.",,,"super mario, mario 64, speedrunning, tj henry yoshi, 12 hours, qpa, bababooey, scuttlebug jamboree, half a press, jo√£o mostarda, tj yoshi, pannenkoek2012","""SM64 ‚Äì Watch for Rolling Rocks ‚Äì 0.5x A Presses"" is a viral video uploaded by the Super Mario 64 glitch exploiter pannenkoek2012 , where he obtains one of the game's stars through tool-assisted superplay (TAS). After the narrated version of the video was released, it went viral on 4chan 's video game board /v/ due to the complex nature of its analysis, as well as the narrator's peculiar wordings and phrasings, most notably ""But First, We Need to Talk About Parallel Universes"" .",,,"The same day as its release, the video was posted on /v/, where some users quickly picked up the parallel universes quote. [1] Though other threads about it were created, [4] the catchphrase didn't catch on until a thread from January 17th, when it was featured along a distorted image of Mario‚Äôs head. [3] Prior to being archived, the thread gained over 500 replies.   Soon after, more threads were created on 4chan, flooding the board with jokes related to the video (shown bellow, left). [2] On January 18th, YouTuber Jo√£o Mostarda uploaded a voice remix of the video titled ""'Henry' builds speed for over 12 hours in order to cross the extent of QPUs to shitpost on Youtube""; this remix gained over 2,000 views in less than a day. In late January 2015, the video also got viral on Tumblr . [6] [7]",,,https://i.kym-cdn.com/entries/icons/original/000/019/598/Screenshot_185.png
https://knowyourmeme.com/memes/09-f9-11-02-9d-74-e3-5b-d8-41-56-c5-63-56-88-c0,09 F9 11 02 9D 74 E3 5B D8 41 56 C5 63 56 88 C0 | Know Your Meme,,,,"On February 12, 2007, Arnezami, a user of the Doom9 forums, posted [1] the aforementioned code that could be used to break the encryption on HD-DVDs. Shortly afterward, Wired published [2] an article on the new-found key. It was then thrust [3] into the limelight, with many websites and blogs weighing in on the situation.",,,"cheat code, drm, blu-ray, hd-dvd","09 F9 11 02 9D 74 E3 5B D8 41 56 C5 63 56 88 C0 is a block of code written in hexadecimal that has been discovered to be a way to decrypt HD-DVDs, allowing people to modify and alter the content stored on the DVD.",,,"Digg was the main player in the spread of the story, and the AACS issued cease and desists to Digg, Google , [4] and many other websites in an effort to prevent further spread of the exploit. They even claimed that simply saying the number out loud or posting it on the internet was illegal. Digg and Google complied with the AACS cease and desist order and censored [5] [6] the number. Shortly after censoring their users, Digg founder Kevin Rose announced that they would no longer be censoring the number. [7] They accepted the risks of dealing with the AACS and let the users post freely, avoiding the risks of user revolt. [8] The following history of the original crack which led to the Digg post is outlined by Cory Doctorow: [9] Arnezami, a hacker on the Doom9 forum, has published a crack for extracting the ""processing key"" from a high-def DVD player. This key can be used to gain access to every single Blu-Ray and HD-DVD disc. Previously, another Doom9 user called Muslix64 had broken both Blu-Ray and HD-DVD by extracting the ""volume keys"" for each disc, a cumbersome process. This break builds on Muslix64's work but extends it -- now you can break all AACS-locked discs. AACS took years to develop, and it has been broken in weeks . The developers spent billions, the hackers spent pennies.",,,https://i.kym-cdn.com/entries/icons/original/000/000/061/0x09f911029d74e35bd84156c5635688c0.jpg
https://knowyourmeme.com/memes/1-2-buckle-my-shoe-3-4-buckle-some-more-5-6-nike-kicks,"1 2 Buckle My Shoe, 3 4 Buckle Some More, 5 6 Nike Kicks | Know Your Meme",,,,"On April 14th, 2023, TikToker [1] @edmondx posted a video in which he was wearing Vlone , telling the cameraman to come check out his brand new shoes which were Nike basketball shoes with make-shift pilgrim buckles taped onto them. He then sang the English nursery rhyme ""One, Two, Buckle My Shoe."" [2] Over the course of two days, the video gained roughly 18.1 million plays and 3.7 million likes (shown below). @edmondx fake everything #fyp #foryou #foryoupage #w #yeat #fyp„ÉÑ #nelk #xyzbca #w #edmondx #fypp #foryouu #mrbeast #fyppp #trending #viral ‚ô¨ original sound ‚Äì eddy  ""1 2 Buckle My Shoe"" Lyrics Yo, bro! Come over here, come over here. Check out my new shoes. They're the brand new, ""One, two, buckle my shoe. Three, four, buckle some more. Five, six, Nike kicks."" Oh ho ho, that is so fire (Hahahaha)!",,,"one two buckle my shoe, brand new, shoes, what are those, oh my god, tiktok, tiktok video, edmondx, original, viral video, shew, nike kicks, nike, nursery rhyme, buckle some more, 1 2 buckle my shoe meme, one two buckle my shoe meme","1 2 Buckle My Shoe , continued 3 4 Buckle Some More, 5 6 Nike Kicks and alternatively written One Two Buckle My Shoe or One Two Buckle My Shew , refers to a viral video on TikTok from TikToker @edmondx in which he shows off his brand new shoes ‚Äî a pair of Nikes crudely made to look like pilgrim shoes. The song he sings is a parody of a nursery rhyme with the same name and the video as a whole is a parody of the What Are Those? meme, Slv_Soundss 'Ohh What The Hell' videos and the In My Solitude sound. The original TikTok was uploaded in April 2023 and earned multiple remixes and fan edits shortly after.",,,"On the same day as @edmondx's upload, April 14th, 2023, various TikTokers started referencing his video in their own videos, generating fan edits, remixes and memes in general. For instance, on April 14th, TikToker [3] @vs.flxshyyy posted a stylized edit of @edmondx's video, gaining roughly 403,500 plays and 28,200 likes in two days (shown below, left). On April 15th, TikToker [4] @sneksim posted a video that used @edmondx's TikTok [5] sound and included characters from Oshi No Ko , gaining roughly 84,000 plays and 9,300 likes in two days (shown below, right). @vs.flxshyyy 1 2 BUCKLE MY SHOOOOOOOEüëû üó£Ô∏èüî•‚ÄºÔ∏èüé∂üé∂ @edmondx #fyp #fyp„Ç∑ #theflash #edmondxismyidol #12bucklemyshoe @1tsssyafavgabby @vfxember @59camo @mangos_d @vsexotic @vs.ghosty @vsp.mateo7 @vsp..ghost @vsp.avoidz @vspcutler @vsp.eggy @vsp.avoids @.vsp.gus @vs.w1ays @vs.lander @vs.flash @am.flash11 @.amplone @aceszznn @garvex.ae @ily.ravencore @48wonder @flashzaudioz @cc.flash.editz @ilashian.vsp @ghost.of.motion @ghosts.audios @spidyeycc_edits @rangmento @shawnz_editz @litolyvoidzz @spidey4lyfe @fw. .extra.amcc530 @tdmsand.vsp @eclipse4217 @din.mando.cc @father.tony @mjesx @mcdonaldeggmcmuffin @princ3_luis @59darockxz blank"" title=""‚ô¨ original sound ‚Äì Fastest man alive‚ö°Ô∏è"" href=""https://www.tiktok.com/music/original-sound-7222119322628705070?refer=embed"">‚ô¨ original sound ‚Äì Fastest man alive‚ö°Ô∏è @sneksim ‚ÄºÔ∏èFAKE KNIFE‚ÄºÔ∏è #fyp #oshinoko #oshinokomanga #oshinokoanime ‚ô¨ original sound ‚Äì eddy Going into April 2023, various sped-up and slowed down remixes of @edmondx's video surfaced on TikTok, [6] additionally leading to mass usage of his TikTok [5] sound which, over the course of two days, gained over 1,500 videos and slideshows using it.",Unavailable .,,https://i.kym-cdn.com/entries/icons/original/000/044/568/12bucklemyshoe.jpg
https://knowyourmeme.com/memes/1-2-oatmeal,"1, 2 Oatmeal | Know Your Meme",,,,"On March 21st, 1996, the video game Kirby Super Star was released in Japan. [1] In the sub game, ""Gourmet Race,"" Kirby composer Jun Ishikawa's theme can be heard. On June 16th, 2009, YouTuber [2] mariofan888 uploaded a video entitled ""Kirby's Titlemusic,"" which plays the music to ""Gourmet Race."" Within nine years, the video (shown below) has received more than 19,000 views.  [This video has been removed] A year and 4 months later, on November 27th, 2010, mariofan888 uploaded a German parody called ""1 2 Haferbrei"". The lyrics roughly translate to: ""1, 2 oatmeal Kirby is a pink guy 1, 2 oatmeal Because Kirby's very cute (x2) Kirby inhaled his enemies, and makes it later Kirby is so happy that's something he can because he's such a pink guy (x2) Here comes Kirby Meta Knight to protect because he is attacked by King Dedede Meta Knight swings the sword of King Dedede, defeat What a triumph is that? (x2)"" ""1 2 Haferbri"" (shown below) received more than 291,000 views in seven years.  [This video has been removed]",,,"kirby, simpleflips, oatmeal, kirby's dream land, mariofan888, jun ishikawa, ben3759, autisticyui, complex rolls","1, 2 Oatmeal is a parody of the ""Gourmet Race"" theme from the video game Kirby Super Star , which has been used in music remixes and YouTube Poops .",,,"On June 3rd, 2011, Youtuber [3] „Åë„Çì„Åó„Çì uploaded an English-language version of the song. Within seven years, the video (shown below, left) received more than 175,000 views.   On September 9th, 2017, YouTuber [4] ben3759 posted an extended version of the song. The post (shown below, left) received more than 2,900 views in four months. Two months later, on November 25th, 2017, YouTuber AutisticYui [7] posted a Steamed Hams replacement remix of the song. The post (shown below, right) received more than 1,800 views.   On September 6th, 2017, YouTuber [5] and Twitch streamer [6] SimpleFlips first heard and reacted to the 1, 2 Oatmeal song (shown below) and, much like most, was hilariously confused by the almost unintelligible lyrics.   On January 23rd, 2018, SimpleFlips posted the video ""The Truth Behind 1 2 Oatmeal (Hilarious Song Request)."" In the video, a Twitch viewer named Complex Rolls requests Twitch Streamer SimpleFlips play ""1 2 Oatmeal."" The post (shown below) received more than 40,000 views in three weeks.",,,https://i.kym-cdn.com/entries/icons/original/000/025/460/kriby.jpg
https://knowyourmeme.com/memes/1-am-by-civ-pop-out-at-one-in-the-morning-ai-bear-song,"""1 AM"" by Civ / Pop Out at One In The Morning / AI Bear Song | Know Your Meme",,,,"On January 12th, 2025, rapper Civ posted a video to TikTok [1] teasing his new song, asking what he should name it, garnering over 212,000 views in a month.  @whoisciv Right to the next one üë®üèø‚Äçüî¨ #newmusic #fyp #civ ‚ô¨ 1 AM by Civ ‚Äì Civ Pop out at 1 in the mornin' You really wanna know, this kind of life never borin' (Ayy, ayy, ayy) She bought Dior with her man from the store But she bring it to my table when the drink start pourin' (Sheesh) She askin' to come with the crew (Ask, ""Who?"") And the accent, it come with a view (That's true) The rapper continued to post videos promoting the release of the song over the following weeks, with many of them gaining hundreds of thousands of views. For example, on January 24th, Civ posted a video to TikTok [2] that gained over 324,000 views in two weeks.  @whoisciv 1 AM by Civ. Drops Feb 7 on all platformsüêª #1AM #newmusic #fyp #civ ‚ô¨ 1 AM by Civ ‚Äì Civ",,,"pop out at one in the morning bear, civ, civ rapper, whoisciv, one am civ, it come with a view, boring, ai bear, ai bear song, ai bear tiktok","""1 AM"" is a song by Civ, also known by the lyrics, ""Pop Out at One In The Morning."" Civ began teasing the song on TikTok in mid-January 2025 through videos in which an AI-generated bear sings along to the lyrics of the song. The rapper continued to promote the song throughout January and February 2025 leading up to its February 7th release date, becoming a popular song on the app.",,,"The song became notably popular on TikTok throughout late January and early February 2025 as Civ continued to promote it, with the original sound wracking up over 1,900 uses by February 5th, 2025. For example, on February 2nd, 2025, TikToker [3] @xojunior posted a meme to the sound that gained over 415,000 views in three days.  @xojunior #fyp ‚ô¨ 1 AM by Civ ‚Äì Civ On February 4th, TikToker [4] dad.prod posted a video that begins with the AI bear then transitions to basketball footage, writing, ""On everyone's soul this is peak,"" in the description, garnering over 1.1 million views in a day. On February 7th, ""1 AM"" was released on streaming platforms, including Spotify. [5]  @dad.prod On everyone‚Äôs soul this song is peak üò≠ #lebronedit #lebron #lebronjames #lebronjamesedit #aibear #civ #1amciv #nba #basketball #nbaedit #basketballedit ‚ô¨ 1 AM by Civ ‚Äì Civ",,,https://i.kym-cdn.com/entries/icons/original/000/053/071/popoutcover.jpg
https://knowyourmeme.com/memes/1-billion-lions-vs-1-of-every-pokemon,1 Billion Lions vs. 1 of Every Pok√©mon | Know Your Meme,,,,"The earliest known mention of the argument on the Internet was a vlog from October 2011.  The argument would be mentioned two years later in a 4chan post from 2013 (shown below).    However, the first mention of the question to gain major traction was a tweet by Twitter user @MaxKetchum_, posted on November 3rd, 2015. [1] Any connection between the 4chan post and the tweet is unknown. The poll in the tweets gained 2,922 votes, with the Pok√©mon winning with 80.5% of the vote. He also posted the question on the hypothetical battle subreddit r/whowouldwin two days later. This post gained 102 comments and 124 points.     Precursor Battle hypotheticals involving lions existed most notably in the 1 trillion lions vs. the sun scenario. It similarly used joking arguments in favor of the lions, such as ""What if they went at night?""",,,"who would win, debate, twitter, viral debate, pokemon, lions, 1 billion lines, 1 or every pokemon, lion ladders, lion deniers","1 Billion Lions vs. 1 of Every Pok√©mon , also known as 1 Billion Lions vs. All the Pok√©mon , is an internet argument about which side would win a hypothetical fight between 1 billion lions and one of each Pok√©mon from all generations, including legendaries. Those who support the Pok√©mon point to Pok√©dex entries (such as Marcargo, who is said to have a body temperature greater than that of the sun) as well as the lore power of Legendary Pok√©mon (such as Arceus or Kyogre). Those who support the lions have much simpler answers, citing the fact that ""1 billion is a lot"" as well as possible humorous tactics lions could take, the most notable being ""lion ladders.""",,,"On November 4th, 2015, Jason Zimmerman, also known as Mew2King , posted the question on his own Twitter account. [2] The debate continued to gain traction, as other Twitter users began answering the questions in their own, separate tweets. Twitter users continued to argue the questions on their own tweets. On November 19th, 2015, YouTuber Arson Bjork released a video titled ""7 Reasons Why All 721 Pokemon Will Lose to 1 Billion Lions."" It eventually gained 1 million views and would be linked in the replies of the tweets during the debate (shown below).   As the arguments developed, the characteristics of each side became more fleshed out. Those supporting the Pok√©mon (also known as ""lion deniers"") typically referred to the powers of legendary Pok√©mon, like Arceus and Mewtwo . Those who supported the lions typically used more comical responses involving comedic strategies lions could use. For example, when countering arguments about some Pok√©mon being able to live in space, a lion supporter would respond with ""they could hold their breath."" The commonly cited ""lion ladders"" or other derivates, like ""lion rafts"" began developing in the reply sections of the tweets (example shown below).    Lion supporters also joked about the Pok√©mon side being too serious about their arguments or having too complex of an argument in a similar manner to Godzilla vs. Kong debates. The debate continued to be referenced occasionally after the peak of the meme, but the topic remained largely dormant over the next five years. Late 2020 Revival The meme then experienced a revival beginning in late 2020. This was a gradual revival with a few infrequent posts each month generating more and more traction. On September 19th, 2020, YouTuber MBM Productions uploaded an objection.lol video titled ""one of every pokemon vs one billion lions"". This gained 400,000 views over the course of 8 months (shown below).    Renewed interest was slowly built up, with subsequent tweets involving the lions gaining more likes. Eventually, on April 17th, 2021, user @icekiller305 [3] posted a tweet on the side of the Pok√©mon that gained 36.3K likes. This triggered an influx of posts regarding the debate, restarting it (shown below).",,,https://i.kym-cdn.com/entries/icons/original/000/037/080/lionsvpokemon.png
